{
  "schemaVersion": 1,
  "generatedAt": "2026-07-10T14:38:35.314Z",
  "runtime": "Playwright installed system Chrome headless, 1440x900@1x",
  "connection": "connected · 33.5ms",
  "agentAckToVisibleMs": {
    "samples": [
      28.631000000000085,
      22.78650000000016,
      47.92059999999992,
      23.444499999999834,
      23.680900000000065,
      21.732999999999947,
      50.7342000000001,
      52.23120000000017,
      27.300700000000234,
      21.491099999999733
    ],
    "p95": 52.23120000000017,
    "target": 100
  },
  "agentRequestToVisibleMs": {
    "samples": [
      102.9532999999999,
      81.24350000000004,
      113.10009999999988,
      82.7335999999998,
      80.74720000000002,
      82.6753000000001,
      110.37160000000017,
      106.17890000000011,
      104.96670000000017,
      77.80130000000008
    ],
    "p95": 113.10009999999988
  },
  "fileEditToVisibleMs": {
    "samples": [
      70.63959999999997,
      74.25450000000001,
      80.20850000000019,
      85.30590000000029,
      68.26810000000023,
      107.62019999999984,
      68.9982,
      94.51990000000023,
      95.96259999999984,
      74.67509999999993
    ],
    "p95": 107.62019999999984,
    "target": 300
  },
  "final": {
    "revision": 20,
    "cursor": 20,
    "label": "File update 9",
    "auditEntries": 20
  },
  "watcherErrors": [],
  "consoleErrors": []
}
