{
  "schemaVersion": 1,
  "generatedAt": "2026-07-10T14:52:17.178Z",
  "runtime": "Playwright installed system Chrome headless, 1440x900@1x",
  "connection": "connected · 33.5ms",
  "agentAckToVisibleMs": {
    "samples": [
      29.134500000000116,
      25.472600000000057,
      24.851199999999835,
      59.44880000000012,
      51.943700000000035,
      55.77890000000002,
      28.717999999999847,
      24.040199999999913,
      38.23059999999987,
      21.68170000000009
    ],
    "p95": 59.44880000000012,
    "target": 100
  },
  "agentRequestToVisibleMs": {
    "samples": [
      113.76420000000007,
      94.37450000000013,
      88.97789999999986,
      133.53840000000014,
      116.67800000000011,
      117.30490000000009,
      99.49039999999968,
      83.7224000000001,
      115.62390000000005,
      82.5319000000004
    ],
    "p95": 133.53840000000014
  },
  "fileEditToVisibleMs": {
    "samples": [
      88.47870000000012,
      80.79370000000017,
      76.61650000000009,
      95.18029999999999,
      144.3782000000001,
      131.44660000000022,
      83.1558,
      80.76609999999982,
      81.14750000000004,
      79.23239999999987
    ],
    "p95": 144.3782000000001,
    "target": 300
  },
  "final": {
    "revision": 20,
    "cursor": 20,
    "label": "File update 9",
    "auditEntries": 20
  },
  "watcherErrors": [],
  "consoleErrors": []
}
